gen,value
TOB2,23.0393726
INIP,21.23762552
PROSC,39.90270296
PIR,5.332198074
IPO9,11.66787947
CXCL13,0.106779122
SORL1,9.347454864
NAT10,18.7001062