gen,value
RPS11,2710.162233
ELMO2,24.50228266
PNMA1,21.05774462
MMP2,2.480635491
TRAF3IP2-AS1,1.652200231
ERCC5,34.4681236
APBB2,1.400332355
NAPRT,19.90039179
PDCL3,34.37848653