gen,value
SUMO1,128.0127589
MIR941-2,1.225430936
GP1BA,17.15445144
UQCR11,94.86439623
DDB1,66.63690868
MYO9B,82.85175446
MMP7,126.7714677
MIR1976,0.064364856
CRNKL1,17.68530811
XAB2,24.53810782